"","score","group"
"1",92.5928653017168,"A"
"2",97.5473376577508,"A"
"3",124.380624712237,"A"
"4",102.057625871369,"A"
"5",102.939316027414,"A"
"6",126.725974803249,"A"
"7",107.913743089838,"A"
"8",82.024081480902,"A"
"9",90.6972072215971,"A"
"10",94.3150704485006,"A"
"11",119.361226961592,"A"
"12",106.39720740586,"A"
"13",107.011571758911,"A"
"14",102.660240739177,"A"
"15",92.6623829786889,"A"
"16",127.803697052046,"A"
"17",108.467757173439,"A"
"18",71.5007426505554,"A"
"19",111.520338523455,"A"
"20",93.908128884081,"A"
"21",84.9826444101973,"A"
"22",97.7303762801256,"A"
"23",85.6099332753914,"A"
"24",90.0666315606329,"A"
"25",91.6244109822612,"A"
"26",75.6996003388638,"A"
"27",113.566805667418,"A"
"28",103.300596767548,"A"
"29",83.9279459448208,"A"
"30",119.807223816049,"A"
"31",107.396963322152,"A"
"32",96.5739277551159,"A"
"33",114.426884915675,"A"
"34",114.172002312996,"A"
"35",113.323716224562,"A"
"36",111.329603811501,"A"
"37",109.308764803064,"A"
"38",100.071324341349,"A"
"39",96.4105600439012,"A"
"40",95.2929349848143,"A"
"41",90.5793953161923,"A"
"42",97.881240829706,"A"
"43",82.019054726476,"A"
"44",133.534339480078,"A"
"45",119.119429974575,"A"
"46",84.1533712519498,"A"
"47",94.9567274705139,"A"
"48",94.0001696956517,"A"
"49",112.699476775045,"A"
"50",99.7494640029226,"A"
"51",104.799777709921,"A"
"52",100.571798669769,"A"
"53",100.35694314063,"A"
"54",121.529034260217,"A"
"55",97.613435215111,"A"
"56",123.747059066443,"A"
"57",77.7687079365467,"A"
"58",109.769206244541,"A"
"59",102.857813657669,"A"
"60",104.23912353116,"A"
"61",106.694592241398,"A"
"62",93.4651482033605,"A"
"63",96.0018892449587,"A"
"64",85.7213692533937,"A"
"65",84.9231316028663,"A"
"66",105.552929621064,"A"
"67",107.723146679441,"A"
"68",101.795063400958,"A"
"69",114.834012018196,"A"
"70",131.751270284407,"A"
"71",93.634532509152,"A"
"72",66.3624668653878,"A"
"73",116.086077866934,"A"
"74",90.3619885612641,"A"
"75",90.6798707529896,"A"
"76",116.38357054545,"A"
"77",96.7284048942349,"A"
"78",82.689234316182,"A"
"79",103.719552196237,"A"
"80",98.9166295634143,"A"
"81",101.086462788498,"A"
"82",106.779206016895,"A"
"83",95.4400995231139,"A"
"84",110.665648227782,"A"
"85",97.6927015727187,"A"
"86",105.976729458735,"A"
"87",117.45258519724,"A"
"88",107.527722362507,"A"
"89",96.1110262170316,"A"
"90",118.232114276766,"A"
"91",115.902557839432,"A"
"92",109.225954392621,"A"
"93",104.580976026672,"A"
"94",91.5814088594094,"A"
"95",121.40978672795,"A"
"96",91.9961061927931,"A"
"97",133.809994895249,"A"
"98",123.989159392778,"A"
"99",97.4644946134928,"A"
"100",85.6036864953983,"A"
"101",90.3439015445105,"A"
"102",104.853255637348,"A"
"103",97.2996218230644,"A"
"104",95.786861009034,"A"
"105",86.7257214910248,"A"
"106",100.324584127866,"A"
"107",89.2264329581439,"A"
"108",75.9808709511779,"A"
"109",95.2966021956836,"A"
"110",114.784949135911,"A"
"111",92.3697955608741,"A"
"112",110.119464833376,"A"
"113",76.7317593756625,"A"
"114",100.166570517132,"A"
"115",108.791108059152,"A"
"116",105.517300432501,"A"
"117",102.585142912234,"A"
"118",91.3894098754193,"A"
"119",88.2544348094963,"A"
"120",85.6380681409263,"A"
"121",102.764698956502,"A"
"122",86.787880787228,"A"
"123",93.64163834449,"A"
"124",97.1586171170263,"A"
"125",128.657930078483,"A"
"126",91.2207514745681,"A"
"127",104.530798584273,"A"
"128",102.169412743456,"A"
"129",86.5721504880481,"A"
"130",99.930378708146,"A"
"131",122.66826287635,"A"
"132",107.772560796188,"A"
"133",101.618493829894,"A"
"134",94.6625475149056,"A"
"135",70.2012916768923,"A"
"136",117.970058201213,"A"
"137",79.0903989361277,"A"
"138",112.09921266316,"A"
"139",129.636553538262,"A"
"140",79.341602585423,"A"
"141",111.526765030621,"A"
"142",97.067037658963,"A"
"143",77.4178376128177,"A"
"144",78.2799851932737,"A"
"145",76.9769573963811,"A"
"146",93.0364021674455,"A"
"147",79.0736662250615,"A"
"148",111.318751594637,"A"
"149",132.501634107885,"A"
"150",81.6945428594723,"A"
"151",112.816082712128,"A"
"152",112.535633615014,"A"
"153",105.983038684252,"A"
"154",85.8743508758449,"A"
"155",99.2082109005401,"A"
"156",96.7940699724463,"A"
"157",109.444842998307,"A"
"158",95.4134186584426,"A"
"159",115.654600800284,"A"
"160",95.3812871334948,"A"
"161",116.79067198369,"A"
"162",85.262344900009,"A"
"163",82.0976713286283,"A"
"164",149.615599024136,"A"
"165",94.7471361775935,"A"
"166",105.473413873111,"A"
"167",110.548545110508,"A"
"168",93.7432906143688,"A"
"169",108.752930664704,"A"
"170",106.534467910776,"A"
"171",97.7692923853746,"A"
"172",101.97939550288,"A"
"173",100.488991193923,"A"
"174",132.926778485243,"A"
"175",89.8799585559076,"A"
"176",84.56005599388,"A"
"177",101.566825987566,"A"
"178",105.657211241647,"A"
"179",107.547852183653,"A"
"180",94.1245200093334,"A"
"181",85.0501079904321,"A"
"182",119.947777641342,"A"
"183",95.7552441806967,"A"
"184",88.0173070601994,"A"
"185",97.4558064658836,"A"
"186",98.0423615847717,"A"
"187",117.648804345705,"A"
"188",102.271059382958,"A"
"189",112.310806777768,"A"
"190",93.5106197424161,"A"
"191",104.216679643724,"A"
"192",96.1297113276375,"A"
"193",102.418752922604,"A"
"194",87.5695496303369,"A"
"195",81.3379770000804,"A"
"196",130.95820077122,"A"
"197",110.010632355086,"A"
"198",82.2309295756258,"A"
"199",91.8325112497937,"A"
"200",83.2177987310403,"A"
"201",133.982155233256,"A"
"202",120.686194646503,"A"
"203",97.0228241495547,"A"
"204",109.147910888481,"A"
"205",94.7849007812171,"A"
"206",93.8562965807663,"A"
"207",89.1709574322464,"A"
"208",92.0807409881073,"A"
"209",125.76361201005,"A"
"210",100.189578123718,"A"
"211",102.788678546414,"A"
"212",104.655311443986,"A"
"213",119.48713817728,"A"
"214",93.2590425358283,"A"
"215",86.1123927441194,"A"
"216",126.135453986048,"A"
"217",94.3825517464207,"A"
"218",90.1540104509019,"A"
"219",82.4559032167506,"A"
"220",81.729264165233,"A"
"221",92.3903978105302,"A"
"222",110.269787257498,"A"
"223",117.647722083946,"A"
"224",111.613825307534,"A"
"225",95.5451405435712,"A"
"226",101.896249060769,"A"
"227",90.4310530447989,"A"
"228",90.2417275763898,"A"
"229",114.269757484654,"A"
"230",85.7661113209468,"A"
"231",130.329409482387,"A"
"232",99.6452060905122,"A"
"233",104.218082399438,"A"
"234",89.9220844289064,"A"
"235",92.384169653551,"A"
"236",81.2447580154214,"A"
"237",98.2561191744091,"A"
"238",107.284736073867,"A"
"239",105.864565162421,"A"
"240",89.2769526941787,"A"
"241",89.17067043719,"A"
"242",93.4670192248571,"A"
"243",123.440910047695,"A"
"244",83.9404456900138,"A"
"245",98.314226084297,"A"
"246",129.535427325184,"A"
"247",99.4853767200679,"A"
"248",80.6023894426791,"A"
"249",91.0284584708891,"A"
"250",108.281899683573,"A"
"251",95.3659569249534,"A"
"252",92.5718545467533,"A"
"253",95.8412414880731,"A"
"254",102.357449707088,"A"
"255",124.977631567187,"A"
"256",99.6715233179167,"A"
"257",117.211992442273,"A"
"258",110.461311734758,"A"
"259",99.2954015674079,"A"
"260",78.006469956641,"A"
"261",93.1832402367122,"A"
"262",93.6519432029229,"A"
"263",101.707316491423,"A"
"264",120.502980165002,"A"
"265",135.396184607466,"A"
"266",124.213715884757,"A"
"267",99.0027355350658,"A"
"268",74.6520890666354,"A"
"269",95.1683020389239,"A"
"270",102.338108346099,"A"
"271",113.675195061012,"A"
"272",115.437919527264,"A"
"273",111.264641441247,"A"
"274",80.070884753008,"A"
"275",113.7446456845,"A"
"276",94.3016417535917,"A"
"277",103.622040502419,"A"
"278",102.118267657606,"A"
"279",107.422501474558,"A"
"280",101.370124742392,"A"
"281",75.9878735362151,"A"
"282",112.047439471602,"A"
"283",106.790398525245,"A"
"284",97.0152256208267,"A"
"285",102.7721676657,"A"
"286",103.010579680527,"A"
"287",104.315292028415,"A"
"288",125.612692489662,"A"
"289",97.7142443159979,"A"
"290",103.52098075827,"A"
"291",118.525758096036,"A"
"292",116.812715350654,"A"
"293",118.178946655705,"A"
"294",92.3379799841067,"A"
"295",131.037240954392,"A"
"296",102.000513063953,"A"
"297",129.002777670603,"A"
"298",80.7364597095393,"A"
"299",101.314753795314,"A"
"300",119.748718564538,"A"
"301",90.2713671916581,"A"
"302",89.7096654767339,"A"
"303",86.9219194458966,"A"
"304",85.212300809919,"A"
"305",94.442607002294,"A"
"306",105.967687594385,"A"
"307",70.7868425311892,"A"
"308",104.179706500584,"A"
"309",119.550125696249,"A"
"310",131.563610273607,"A"
"311",120.517639883009,"A"
"312",112.351621456939,"A"
"313",75.0990440132851,"A"
"314",91.9773993798983,"A"
"315",95.7193031512607,"A"
"316",111.552858541353,"A"
"317",99.4149299899434,"A"
"318",82.1202705790974,"A"
"319",126.266535621412,"A"
"320",114.670869376939,"A"
"321",104.561454087365,"A"
"322",119.271629154887,"A"
"323",80.9183856914754,"A"
"324",110.912304466847,"A"
"325",93.1563143552987,"A"
"326",111.256182827761,"A"
"327",100.087670680099,"A"
"328",110.494410695472,"A"
"329",121.032764225891,"A"
"330",101.109351354753,"A"
"331",116.263379554281,"A"
"332",83.1734894727803,"A"
"333",90.1759333934598,"A"
"334",123.788265670823,"A"
"335",106.660819595359,"A"
"336",70.2166576934941,"A"
"337",80.5394382187644,"A"
"338",97.9882847661632,"A"
"339",113.986691065017,"A"
"340",99.4717511642717,"A"
"341",110.36281208031,"A"
"342",115.385080666817,"A"
"343",126.065822432944,"A"
"344",101.840250999124,"A"
"345",100.220271407287,"A"
"346",74.701439612866,"A"
"347",102.489913911317,"A"
"348",92.4222491315665,"A"
"349",86.3898562579386,"A"
"350",98.3014065342869,"A"
"351",116.224147591155,"A"
"352",71.1087726696713,"A"
"353",94.5908106919186,"A"
"354",102.749559253741,"A"
"355",87.6018864491757,"A"
"356",106.008544137488,"A"
"357",107.171448809236,"A"
"358",100.50445761086,"A"
"359",64.0115270935996,"A"
"360",139.571872188,"A"
"361",97.920511137977,"A"
"362",110.767899223815,"A"
"363",105.106497365548,"A"
"364",116.370098522275,"A"
"365",113.264891695611,"A"
"366",97.8531024315724,"A"
"367",106.672516583128,"A"
"368",86.8188675331416,"A"
"369",113.85384516349,"A"
"370",94.0844249167347,"A"
"371",137.251600306823,"A"
"372",76.2342665646772,"A"
"373",94.0401913555098,"A"
"374",113.380697941389,"A"
"375",108.65198820318,"A"
"376",92.157784422275,"A"
"377",86.0482888668872,"A"
"378",103.16713557066,"A"
"379",100.785388802496,"A"
"380",74.1457814410391,"A"
"381",101.518266007008,"A"
"382",103.853454735387,"A"
"383",103.620895954728,"A"
"384",85.1747443609598,"A"
"385",108.141999174539,"A"
"386",121.678552054389,"A"
"387",107.843546047697,"A"
"388",83.9661729443849,"A"
"389",94.4653179546214,"A"
"390",106.191554293304,"A"
"391",91.294315530226,"A"
"392",68.6353049747708,"A"
"393",114.263762300423,"A"
"394",88.5578358256322,"A"
"395",92.3965959384758,"A"
"396",123.558509135068,"A"
"397",89.3878260559189,"A"
"398",113.685973102839,"A"
"399",82.0897568177184,"A"
"400",95.6818639538903,"A"
"401",99.8966597129528,"A"
"402",83.4702286336347,"A"
"403",91.4787760263664,"A"
"404",100.567376706075,"A"
"405",111.060439531009,"A"
"406",76.2418018486234,"A"
"407",95.753686411831,"A"
"408",112.346096578182,"A"
"409",92.9178626003361,"A"
"410",104.409378825094,"A"
"411",108.383428550966,"A"
"412",105.017525229975,"A"
"413",110.798865192071,"A"
"414",99.1593700853393,"A"
"415",94.7948522961182,"A"
"416",61.3527657195653,"A"
"417",99.6058847228079,"A"
"418",107.4542704454,"A"
"419",109.030982613022,"A"
"420",92.6708247303012,"A"
"421",127.692543646627,"A"
"422",105.296366294432,"A"
"423",102.894737876883,"A"
"424",120.084001692028,"A"
"425",90.2230066802111,"A"
"426",94.2449206411293,"A"
"427",136.961787200746,"A"
"428",101.166937808313,"A"
"429",125.503526321125,"A"
"430",79.4224003262822,"A"
"431",98.1422479693565,"A"
"432",106.676358554552,"A"
"433",105.500578178087,"A"
"434",85.9154561073374,"A"
"435",101.288889119381,"A"
"436",84.8386902033203,"A"
"437",111.690549878664,"A"
"438",117.27162634791,"A"
"439",67.6251845526888,"A"
"440",119.535401934502,"A"
"441",82.3843325478726,"A"
"442",107.821539034739,"A"
"443",110.898539572139,"A"
"444",98.0016525784785,"A"
"445",91.3232906471031,"A"
"446",103.479815318631,"A"
"447",107.582280510717,"A"
"448",114.249542299231,"A"
"449",70.2149452414707,"A"
"450",76.4543109791146,"A"
"451",122.456035117823,"A"
"452",116.699432706673,"A"
"453",107.529334233615,"A"
"454",111.727676106666,"A"
"455",114.757623764615,"A"
"456",61.0861580230148,"A"
"457",117.654156449582,"A"
"458",93.7251860515651,"A"
"459",104.459252459468,"A"
"460",96.5726329867463,"A"
"461",114.079474311181,"A"
"462",95.7729132656658,"A"
"463",108.777556488324,"A"
"464",95.1397253204153,"A"
"465",84.6081918634774,"A"
"466",119.150157656604,"A"
"467",112.113500169114,"A"
"468",126.863933587347,"A"
"469",101.97730898869,"A"
"470",117.875041187423,"A"
"471",130.631285810286,"A"
"472",96.7777682744155,"A"
"473",81.1557333086718,"A"
"474",97.4097264929283,"A"
"475",97.7893814002193,"A"
"476",103.27520756764,"A"
"477",126.684574659789,"A"
"478",96.1078416124198,"A"
"479",106.595069837074,"A"
"480",97.584739026567,"A"
"481",101.306760627875,"A"
"482",105.710864952594,"A"
"483",120.923220440555,"A"
"484",102.819775662362,"A"
"485",111.692634800467,"A"
"486",112.682900446753,"A"
"487",114.721599062835,"A"
"488",92.3840817172343,"A"
"489",125.40321821292,"A"
"490",95.2856489105898,"A"
"491",99.4132374852537,"A"
"492",122.060754015713,"A"
"493",120.411258592184,"A"
"494",84.6501219138314,"A"
"495",87.903934993738,"A"
"496",80.6288141094408,"A"
"497",103.727707889297,"A"
"498",103.472613018777,"A"
"499",106.461720310326,"A"
"500",109.282365713278,"A"
"501",91.9716073102248,"A"
"502",86.0945211335193,"A"
"503",116.401775841124,"A"
"504",112.265919539095,"A"
"505",78.3625019400695,"A"
"506",99.5727882372607,"A"
"507",87.5607826586525,"A"
"508",69.9387339418705,"A"
"509",103.251801967822,"A"
"510",99.8118243611212,"A"
"511",99.5394609873038,"A"
"512",104.242288127018,"A"
"513",114.236977465949,"A"
"514",104.083962567251,"A"
"515",91.7534623568971,"A"
"516",89.9780112211808,"A"
"517",99.0229581043823,"A"
"518",105.650254798684,"A"
"519",85.4047947094694,"A"
"520",98.2353669673642,"A"
"521",115.509008902519,"A"
"522",99.3757986314827,"A"
"523",90.5236899860842,"A"
"524",96.8608224736169,"A"
"525",117.71972818043,"A"
"526",109.250659418212,"A"
"527",119.550137001224,"A"
"528",103.086467857427,"A"
"529",107.154126447356,"A"
"530",92.623146314778,"A"
"531",110.080560033955,"A"
"532",93.4049968671614,"A"
"533",79.6915174295638,"A"
"534",102.919894485262,"A"
"535",130.187768265972,"A"
"536",113.013715093596,"A"
"537",118.478800849194,"A"
"538",106.382835846397,"A"
"539",91.8716423252566,"A"
"540",97.9663871733457,"A"
"541",96.9012783978211,"A"
"542",93.9695033032687,"A"
"543",111.562509258946,"A"
"544",83.0395474645188,"A"
"545",113.995491981692,"A"
"546",113.962287293388,"A"
"547",83.0206646139688,"A"
"548",110.592379968508,"A"
"549",137.453399785168,"A"
"550",92.6417677708759,"A"
"551",113.673563621121,"A"
"552",89.266972315709,"A"
"553",117.660671273042,"A"
"554",104.747370798898,"A"
"555",125.778730874347,"A"
"556",79.1154390719463,"A"
"557",100.23053170812,"A"
"558",93.096122358116,"A"
"559",98.0410269638555,"A"
"560",91.5563188597099,"A"
"561",88.492346291975,"A"
"562",109.680835619247,"A"
"563",84.6862892888461,"A"
"564",123.260463973344,"A"
"565",83.2069012202937,"A"
"566",102.516187270929,"A"
"567",108.994839302397,"A"
"568",109.801030086389,"A"
"569",96.4738000420043,"A"
"570",102.192529929926,"A"
"571",115.418962277145,"A"
"572",79.1530112438536,"A"
"573",89.2739043270188,"A"
"574",105.806034714749,"A"
"575",94.3282703249451,"A"
"576",121.550059909565,"A"
"577",111.098807950323,"A"
"578",102.082501286221,"A"
"579",78.3836402369498,"A"
"580",101.391503379894,"A"
"581",96.2537619770451,"A"
"582",99.464802297191,"A"
"583",83.2766115941647,"A"
"584",108.479870657449,"A"
"585",85.4156533953945,"A"
"586",97.6066702783639,"A"
"587",106.72138744177,"A"
"588",89.2472631648043,"A"
"589",109.744871085201,"A"
"590",81.2523439752246,"A"
"591",58.8533798155919,"A"
"592",107.974519861788,"A"
"593",113.608097404415,"A"
"594",96.7123186461292,"A"
"595",108.561893818874,"A"
"596",83.6612521237449,"A"
"597",99.0927708976151,"A"
"598",71.8772243593907,"A"
"599",118.717713371578,"A"
"600",128.898662923147,"A"
"601",117.11018390423,"A"
"602",100.589795503794,"A"
"603",100.500044865861,"A"
"604",78.2589856527335,"A"
"605",112.855780158323,"A"
"606",97.8389872896234,"A"
"607",91.1488561195839,"A"
"608",79.8196131101254,"A"
"609",96.5035625503059,"A"
"610",88.2640829747494,"A"
"611",95.0445421950825,"A"
"612",82.736000183546,"A"
"613",126.313842244185,"A"
"614",100.75996209188,"A"
"615",117.124176159086,"A"
"616",61.9745049461352,"A"
"617",94.2020325500774,"A"
"618",90.8677656261189,"A"
"619",82.6561073095113,"A"
"620",124.199137313361,"A"
"621",79.7707712034577,"A"
"622",105.77585390612,"A"
"623",113.696544283695,"A"
"624",103.67285282627,"A"
"625",87.8711678375673,"A"
"626",115.117487100863,"A"
"627",103.558821227613,"A"
"628",85.0475314042693,"A"
"629",80.1792642859691,"A"
"630",132.300761517397,"A"
"631",90.8224528187234,"A"
"632",73.1664251912294,"A"
"633",108.998890441305,"A"
"634",105.653453840913,"A"
"635",80.692484964161,"A"
"636",71.8556537962707,"A"
"637",99.2554622426209,"A"
"638",118.090944375641,"A"
"639",110.541860527732,"A"
"640",93.6059386375703,"A"
"641",88.4871765262343,"A"
"642",105.066001351258,"A"
"643",103.360300208242,"A"
"644",110.445676200391,"A"
"645",95.0630307456666,"A"
"646",114.490310798046,"A"
"647",88.5378270899563,"A"
"648",96.0418294982006,"A"
"649",112.112217855889,"A"
"650",115.849574129407,"A"
"651",71.9224294781993,"A"
"652",102.607856105242,"A"
"653",110.131685176019,"A"
"654",79.2376352976405,"A"
"655",108.209383998128,"A"
"656",88.577385944048,"A"
"657",116.303795182466,"A"
"658",109.07723048154,"A"
"659",112.535784424934,"A"
"660",102.810789939306,"A"
"661",113.954726512366,"A"
"662",121.707717924718,"A"
"663",130.493720231835,"A"
"664",100.574074178764,"A"
"665",67.2642336450139,"A"
"666",101.47289006891,"A"
"667",104.08341812675,"A"
"668",98.669819792834,"A"
"669",109.524329311656,"A"
"670",116.160169467714,"A"
"671",93.2302635474827,"A"
"672",96.5885700926583,"A"
"673",106.967633132005,"A"
"674",92.7466438776629,"A"
"675",102.369010752324,"A"
"676",71.5743860167205,"A"
"677",84.2015041790356,"A"
"678",81.0836678659381,"A"
"679",88.1956445490914,"A"
"680",90.60043208104,"A"
"681",106.734577138196,"A"
"682",115.73169503784,"A"
"683",90.089247063687,"A"
"684",86.0474152643299,"A"
"685",85.3746671151574,"A"
"686",94.7811691045449,"A"
"687",97.4145639777115,"A"
"688",108.254263007574,"A"
"689",96.1801273674742,"A"
"690",69.8226609670997,"A"
"691",99.6284858667479,"A"
"692",118.807802159773,"A"
"693",118.874019027655,"A"
"694",89.1655517283316,"A"
"695",77.7833518454364,"A"
"696",137.870907377979,"A"
"697",98.5636708628087,"A"
"698",99.5382312484157,"A"
"699",107.308612830472,"A"
"700",76.7894081507132,"A"
"701",90.0767133321307,"A"
"702",77.8933639206499,"A"
"703",90.6035807898411,"A"
"704",102.782741495068,"A"
"705",80.5293581301963,"A"
"706",109.84974019051,"A"
"707",105.34016043226,"A"
"708",87.4367746156904,"A"
"709",104.394874135716,"A"
"710",112.221217437408,"A"
"711",116.916428798926,"A"
"712",97.8072758203021,"A"
"713",99.5954480913343,"A"
"714",99.6992879752711,"A"
"715",122.621926340826,"A"
"716",117.87607838417,"A"
"717",113.516023516356,"A"
"718",96.6898880023896,"A"
"719",106.598621512496,"A"
"720",107.04935496831,"A"
"721",85.3749005856602,"A"
"722",75.0754322701889,"A"
"723",110.627450414774,"A"
"724",78.0603420322937,"A"
"725",101.025255327263,"A"
"726",104.753717320225,"A"
"727",109.458010854588,"A"
"728",103.841393562722,"A"
"729",90.0071929055431,"A"
"730",115.795487898432,"A"
"731",127.079506503594,"A"
"732",114.217682133882,"A"
"733",71.8452364801404,"A"
"734",121.993642781044,"A"
"735",100.159160807206,"A"
"736",108.873714189789,"A"
"737",110.330498538066,"A"
"738",99.5497089018994,"A"
"739",99.8710520352691,"A"
"740",116.287356039963,"A"
"741",111.674028837294,"A"
"742",115.853933690663,"A"
"743",136.743900428455,"A"
"744",110.966237955411,"A"
"745",104.11071736078,"A"
"746",67.8405033413657,"A"
"747",141.375710048692,"A"
"748",93.7598476730554,"A"
"749",136.621020726431,"A"
"750",106.619653520075,"A"
"751",124.076452983452,"A"
"752",99.3543451823564,"A"
"753",108.672061320472,"A"
"754",104.209369694634,"A"
"755",98.2081895093976,"A"
"756",99.1940926306626,"A"
"757",116.192515037664,"A"
"758",97.9781277954275,"A"
"759",70.434762583388,"A"
"760",98.0616612675526,"A"
"761",109.096859083044,"A"
"762",110.246835745272,"A"
"763",110.248517262162,"A"
"764",75.6184771869638,"A"
"765",106.531130870168,"A"
"766",115.517888149206,"A"
"767",120.148680222015,"A"
"768",97.6255809343383,"A"
"769",96.171611207258,"A"
"770",123.317567478171,"A"
"771",75.9810793133102,"A"
"772",94.4475503463031,"A"
"773",107.861931190362,"A"
"774",76.7333935192816,"A"
"775",105.194417936476,"A"
"776",129.167960315783,"A"
"777",100.939090198455,"A"
"778",96.8231896255462,"A"
"779",108.123675710511,"A"
"780",96.8139174381904,"A"
"781",113.201005611186,"A"
"782",114.566531966745,"A"
"783",101.040374918452,"A"
"784",83.3496176337541,"A"
"785",81.2266890881137,"A"
"786",92.1050395151702,"A"
"787",112.960707508248,"A"
"788",71.6269223801461,"A"
"789",72.7051226190118,"A"
"790",91.1933026285985,"A"
"791",106.915922719709,"A"
"792",87.2965092775251,"A"
"793",114.301235556441,"A"
"794",106.000549552328,"A"
"795",98.4404057264208,"A"
"796",113.282422047977,"A"
"797",106.825477442291,"A"
"798",94.3109745918177,"A"
"799",104.466724016272,"A"
"800",110.712700369664,"A"
"801",106.344250172931,"A"
"802",91.1298468807578,"A"
"803",113.828033075963,"A"
"804",118.294043383379,"A"
"805",105.14411834815,"A"
"806",103.161569936933,"A"
"807",99.8656237883024,"A"
"808",133.421237694542,"A"
"809",105.144732982037,"A"
"810",98.6255895695008,"A"
"811",63.3812329670412,"A"
"812",77.520773524542,"A"
"813",99.8349019908415,"A"
"814",104.094410672646,"A"
"815",105.153086882924,"A"
"816",113.322601706729,"A"
"817",98.0877138601931,"A"
"818",119.218831917238,"A"
"819",87.1772593569563,"A"
"820",82.873359193354,"A"
"821",82.5652073366928,"A"
"822",112.134455362798,"A"
"823",99.7562008649116,"A"
"824",112.847268827307,"A"
"825",96.9844036766437,"A"
"826",92.1216184668078,"A"
"827",95.4747113731024,"A"
"828",73.2107476363741,"A"
"829",83.4557710937883,"A"
"830",79.3694803046233,"A"
"831",116.81483407963,"A"
"832",92.040048629558,"A"
"833",112.841897791853,"A"
"834",123.747359025379,"A"
"835",98.1233778633509,"A"
"836",105.258183595285,"A"
"837",74.7339872090588,"A"
"838",88.719953337203,"A"
"839",101.843222740743,"A"
"840",105.486303550042,"A"
"841",89.6090282405168,"A"
"842",141.272884988402,"A"
"843",94.1241479136142,"A"
"844",101.963653349451,"A"
"845",110.746878007303,"A"
"846",100.60972047839,"A"
"847",91.3464891945933,"A"
"848",116.67958495945,"A"
"849",125.233179848108,"A"
"850",100.554590434252,"A"
"851",109.434010181046,"A"
"852",99.5388125224605,"A"
"853",116.246828265532,"A"
"854",83.6574890861022,"A"
"855",135.812903359917,"A"
"856",91.9470312831749,"A"
"857",79.1172587834286,"A"
"858",95.736232592104,"A"
"859",103.200627262175,"A"
"860",125.354318115203,"A"
"861",114.66814515157,"A"
"862",103.136876480687,"A"
"863",80.1577471401776,"A"
"864",88.0094338299183,"A"
"865",98.5507260165606,"A"
"866",139.295391701909,"A"
"867",73.0965863867238,"A"
"868",117.96581977769,"A"
"869",93.0914861414912,"A"
"870",125.989863499811,"A"
"871",83.9119904003989,"A"
"872",103.154348519941,"A"
"873",84.5067358744587,"A"
"874",114.552746395425,"A"
"875",123.256692331071,"A"
"876",130.260815096017,"A"
"877",112.964009863843,"A"
"878",128.648993818667,"A"
"879",119.696358629925,"A"
"880",99.0218763226398,"A"
"881",108.155558574271,"A"
"882",86.420086827861,"A"
"883",98.2219674589851,"A"
"884",119.314455625232,"A"
"885",109.119262152235,"A"
"886",107.86035997438,"A"
"887",85.4280344046919,"A"
"888",91.9323015449882,"A"
"889",89.5309097936965,"A"
"890",106.929438050202,"A"
"891",86.1423855430016,"A"
"892",109.430620851486,"A"
"893",84.2537538209969,"A"
"894",128.42795687203,"A"
"895",107.908870242172,"A"
"896",90.484945816201,"A"
"897",104.615688987518,"A"
"898",95.7132020115807,"A"
"899",106.567219396395,"A"
"900",104.652990781405,"A"
"901",85.7882874100779,"A"
"902",89.130291817708,"A"
"903",105.493905271093,"A"
"904",125.585778631273,"A"
"905",117.269255130064,"A"
"906",91.6314878957286,"A"
"907",113.388843524712,"A"
"908",100.271474708656,"A"
"909",105.519704775776,"A"
"910",104.905422361048,"A"
"911",139.631746455851,"A"
"912",83.2206678411916,"A"
"913",102.513797885193,"A"
"914",74.3003406804858,"A"
"915",109.847538844381,"A"
"916",117.449127075821,"A"
"917",122.684933616517,"A"
"918",72.1228212224432,"A"
"919",107.19154245791,"A"
"920",124.900549270755,"A"
"921",94.7897620543655,"A"
"922",97.8177420187708,"A"
"923",100.451941666929,"A"
"924",106.475281271496,"A"
"925",110.97739813619,"A"
"926",120.767313255672,"A"
"927",99.5676861433251,"A"
"928",103.944170682087,"A"
"929",138.319968158322,"A"
"930",107.466483921725,"A"
"931",103.831296639947,"A"
"932",80.8663531207483,"A"
"933",101.042840714333,"A"
"934",97.6801077024968,"A"
"935",100.834312552859,"A"
"936",92.3687353809325,"A"
"937",90.6977652133595,"A"
"938",90.1883955226982,"A"
"939",97.7824322690034,"A"
"940",121.521989720429,"A"
"941",116.73629939839,"A"
"942",95.6003732308542,"A"
"943",75.7112531819189,"A"
"944",88.3312485719607,"A"
"945",94.1335920013924,"A"
"946",102.554570063425,"A"
"947",91.0608908644878,"A"
"948",131.100210362478,"A"
"949",96.9159869837247,"A"
"950",82.7908329464074,"A"
"951",98.8810736407623,"A"
"952",85.9193362760988,"A"
"953",103.34233560913,"A"
"954",104.504504211348,"A"
"955",106.333814174426,"A"
"956",76.6721261131368,"A"
"957",104.31066936456,"A"
"958",105.656751208125,"A"
"959",79.6833732874327,"A"
"960",115.330484595956,"A"
"961",112.762563186415,"A"
"962",135.494290417317,"A"
"963",103.350544810636,"A"
"964",101.70100291277,"A"
"965",102.448787511237,"A"
"966",102.046493463505,"A"
"967",73.272908369935,"A"
"968",75.9330941203663,"A"
"969",99.8369154981319,"A"
"970",92.2839892915025,"A"
"971",101.821047875861,"A"
"972",69.331874401092,"A"
"973",78.5195261820986,"A"
"974",84.4777484159189,"A"
"975",115.790873315904,"A"
"976",84.5226498936482,"A"
"977",89.007290696352,"A"
"978",102.198107280111,"A"
"979",96.1588045726234,"A"
"980",103.196257680019,"A"
"981",135.575929730685,"A"
"982",84.1309449311265,"A"
"983",96.4179554013529,"A"
"984",93.248608253844,"A"
"985",123.685931402487,"A"
"986",89.4577261566458,"A"
"987",99.7686964433642,"A"
"988",112.807004214841,"A"
"989",85.121141960774,"A"
"990",125.82763723613,"A"
"991",111.136436232114,"A"
"992",84.8869008570447,"A"
"993",107.818667135866,"A"
"994",97.800392851504,"A"
"995",105.698431579915,"A"
"996",99.650372044765,"A"
"997",117.057740551675,"A"
"998",80.73349421445,"A"
"999",93.1607495420613,"A"
"1000",97.262139833669,"A"
"1001",85.06301912723,"B"
"1002",84.4006743435071,"B"
"1003",99.7302963913501,"B"
"1004",98.017373007149,"B"
"1005",61.7598583787435,"B"
"1006",115.608601835791,"B"
"1007",103.745886039778,"B"
"1008",136.243110597225,"B"
"1009",110.277973570766,"B"
"1010",93.2956103655701,"B"
"1011",141.960867204371,"B"
"1012",142.483390358733,"B"
"1013",81.7193227556473,"B"
"1014",107.035479339331,"B"
"1015",96.8312962205177,"B"
"1016",102.80576719831,"B"
"1017",103.413140928532,"B"
"1018",81.0714930569642,"B"
"1019",104.283843703638,"B"
"1020",126.238710447127,"B"
"1021",97.538649937978,"B"
"1022",97.5560993395232,"B"
"1023",120.978580095062,"B"
"1024",113.475943610244,"B"
"1025",75.2725777242807,"B"
"1026",103.428354598933,"B"
"1027",124.803208520166,"B"
"1028",121.229145248787,"B"
"1029",106.299274057213,"B"
"1030",110.818312106693,"B"
"1031",82.0459718171697,"B"
"1032",104.501973503221,"B"
"1033",85.6832659721827,"B"
"1034",93.1297289785458,"B"
"1035",114.034055256694,"B"
"1036",82.9466033246329,"B"
"1037",104.003773763096,"B"
"1038",106.424980592073,"B"
"1039",100.823679547594,"B"
"1040",127.332832327531,"B"
"1041",84.6647900713712,"B"
"1042",109.091953921534,"B"
"1043",98.66604148824,"B"
"1044",96.0875163424911,"B"
"1045",106.961368507786,"B"
"1046",84.693991139741,"B"
"1047",80.2982362522239,"B"
"1048",92.5827868677487,"B"
"1049",126.276357246332,"B"
"1050",100.836471619188,"B"
"1051",104.971515973418,"B"
"1052",97.1523004348369,"B"
"1053",107.057390979307,"B"
"1054",85.7248068547428,"B"
"1055",117.36865699853,"B"
"1056",108.77057890362,"B"
"1057",87.9032076596244,"B"
"1058",100.81829868718,"B"
"1059",110.744974292487,"B"
"1060",108.365964730819,"B"
"1061",122.229010238153,"B"
"1062",90.8051836765772,"B"
"1063",116.742049232356,"B"
"1064",115.548220149118,"B"
"1065",97.5627530214572,"B"
"1066",85.3610996076717,"B"
"1067",83.6628221367323,"B"
"1068",106.866804369175,"B"
"1069",98.9330989941866,"B"
"1070",126.686540002772,"B"
"1071",108.027069407443,"B"
"1072",94.4208268725476,"B"
"1073",84.6168662725433,"B"
"1074",91.2639748809212,"B"
"1075",105.14332589346,"B"
"1076",93.2359802941502,"B"
"1077",107.71345180346,"B"
"1078",94.9849292174533,"B"
"1079",98.4166013680829,"B"
"1080",89.0423549078826,"B"
"1081",128.575653773631,"B"
"1082",104.989325972056,"B"
"1083",103.459504607492,"B"
"1084",74.622063776739,"B"
"1085",109.89687849324,"B"
"1086",84.6456461668043,"B"
"1087",86.6271763846855,"B"
"1088",113.775117565325,"B"
"1089",93.2094903023766,"B"
"1090",73.7744157999523,"B"
"1091",126.54856164834,"B"
"1092",64.3388961191122,"B"
"1093",108.592172947894,"B"
"1094",115.258738736269,"B"
"1095",90.535482000092,"B"
"1096",106.664305771173,"B"
"1097",106.586955825828,"B"
"1098",115.609347293718,"B"
"1099",107.261490819288,"B"
"1100",96.3267433136121,"B"
"1101",113.739880869103,"B"
"1102",112.009335347646,"B"
"1103",85.9514644879631,"B"
"1104",78.988188490064,"B"
"1105",102.404163099898,"B"
"1106",95.8905643783723,"B"
"1107",85.2169133115656,"B"
"1108",101.258960192725,"B"
"1109",80.2000521026964,"B"
"1110",102.418395269893,"B"
"1111",90.6260741868712,"B"
"1112",114.357464112887,"B"
"1113",136.367337117423,"B"
"1114",86.2603113446981,"B"
"1115",115.864962564145,"B"
"1116",112.377245916524,"B"
"1117",98.9470866354196,"B"
"1118",93.1953043891448,"B"
"1119",123.629615602562,"B"
"1120",69.9181327264563,"B"
"1121",90.3520781260951,"B"
"1122",78.4473483451334,"B"
"1123",120.929701584191,"B"
"1124",97.1394485103271,"B"
"1125",92.1299320079549,"B"
"1126",147.760667110995,"B"
"1127",99.2494409816856,"B"
"1128",93.3437603220021,"B"
"1129",104.497978752042,"B"
"1130",76.4736306886755,"B"
"1131",107.354539640081,"B"
"1132",98.5575519838005,"B"
"1133",107.027876837952,"B"
"1134",85.2644404609322,"B"
"1135",84.6552423677809,"B"
"1136",89.5987800508572,"B"
"1137",88.4801564036083,"B"
"1138",119.485749500254,"B"
"1139",123.687183427121,"B"
"1140",97.646620704414,"B"
"1141",94.6159515912298,"B"
"1142",95.064417543675,"B"
"1143",101.038547167795,"B"
"1144",101.453563505516,"B"
"1145",104.350515816484,"B"
"1146",88.7998158843062,"B"
"1147",87.2965541676952,"B"
"1148",117.956164956191,"B"
"1149",91.7705895834502,"B"
"1150",104.545685428382,"B"
"1151",99.14544199295,"B"
"1152",85.63225911774,"B"
"1153",108.865928641173,"B"
"1154",102.596573102394,"B"
"1155",120.996750343188,"B"
"1156",101.761893769405,"B"
"1157",95.0268136269872,"B"
"1158",104.17442369958,"B"
"1159",82.2161252644699,"B"
"1160",87.4615891990961,"B"
"1161",107.654098767091,"B"
"1162",95.0031864816408,"B"
"1163",99.010585804713,"B"
"1164",98.2716743586708,"B"
"1165",90.2423107183821,"B"
"1166",69.7196701137637,"B"
"1167",105.232524552649,"B"
"1168",111.424592614703,"B"
"1169",80.6692564697481,"B"
"1170",122.236040776879,"B"
"1171",105.777322355309,"B"
"1172",120.124604424908,"B"
"1173",85.6424429313657,"B"
"1174",102.501719325314,"B"
"1175",98.4997906159179,"B"
"1176",111.527611478227,"B"
"1177",91.3621064813096,"B"
"1178",99.8485349207131,"B"
"1179",73.3201127688408,"B"
"1180",88.3356783569425,"B"
"1181",101.875508254977,"B"
"1182",89.4051776141767,"B"
"1183",99.3464577128278,"B"
"1184",92.9811103911217,"B"
"1185",109.103952042422,"B"
"1186",117.527324631243,"B"
"1187",87.6624788078872,"B"
"1188",95.3944516210791,"B"
"1189",121.596418875546,"B"
"1190",67.0161511872444,"B"
"1191",95.202433123889,"B"
"1192",130.97056426215,"B"
"1193",132.903851035964,"B"
"1194",102.348929850252,"B"
"1195",87.0458657407954,"B"
"1196",102.481861292357,"B"
"1197",90.2083840607947,"B"
"1198",121.792259234372,"B"
"1199",87.9027601644543,"B"
"1200",105.593673928131,"B"
"1201",109.29775111853,"B"
"1202",88.6373475895623,"B"
"1203",112.772870222593,"B"
"1204",88.7810504362554,"B"
"1205",109.45359744481,"B"
"1206",116.449924496553,"B"
"1207",85.1733561642519,"B"
"1208",116.619925614694,"B"
"1209",92.6570069318138,"B"
"1210",104.415300826555,"B"
"1211",103.027562084332,"B"
"1212",93.592054204927,"B"
"1213",104.021543049967,"B"
"1214",81.5435361186424,"B"
"1215",97.9579469172255,"B"
"1216",112.386862474978,"B"
"1217",67.3881302615603,"B"
"1218",77.6811071896262,"B"
"1219",82.5709366360454,"B"
"1220",76.1636545878186,"B"
"1221",106.293745589445,"B"
"1222",85.1060747536598,"B"
"1223",67.5317937200654,"B"
"1224",90.4364685237933,"B"
"1225",94.1404712278779,"B"
"1226",112.851782106672,"B"
"1227",83.4437179600176,"B"
"1228",117.41933883608,"B"
"1229",105.975440734429,"B"
"1230",105.435282364533,"B"
"1231",87.2121149452825,"B"
"1232",129.305018198471,"B"
"1233",97.5359375185427,"B"
"1234",72.626536237325,"B"
"1235",96.9421529291126,"B"
"1236",70.9833389390192,"B"
"1237",95.3423482631999,"B"
"1238",93.6665949521557,"B"
"1239",110.227445356051,"B"
"1240",115.142442786062,"B"
"1241",89.1084255264827,"B"
"1242",112.091633025625,"B"
"1243",121.364846645031,"B"
"1244",88.2378399273603,"B"
"1245",90.21393450251,"B"
"1246",109.761675447305,"B"
"1247",102.745719549159,"B"
"1248",108.231624406664,"B"
"1249",121.070264418213,"B"
"1250",105.806246793646,"B"
"1251",115.775519052631,"B"
"1252",109.343581935058,"B"
"1253",106.504305847133,"B"
"1254",105.791266572766,"B"
"1255",119.369849566871,"B"
"1256",84.9661018943402,"B"
"1257",83.4222590626376,"B"
"1258",108.879190050958,"B"
"1259",98.2046550380033,"B"
"1260",101.110078175274,"B"
"1261",111.119160657571,"B"
"1262",111.299425717736,"B"
"1263",96.0599424495733,"B"
"1264",95.3118419650435,"B"
"1265",101.103979135118,"B"
"1266",115.945266839421,"B"
"1267",106.390307300185,"B"
"1268",121.495112662348,"B"
"1269",99.8854469437004,"B"
"1270",116.885014078311,"B"
"1271",113.245034665259,"B"
"1272",109.181251913501,"B"
"1273",106.220510601677,"B"
"1274",95.8017640428622,"B"
"1275",98.3644373624615,"B"
"1276",103.440932435627,"B"
"1277",100.733333360189,"B"
"1278",114.148367025793,"B"
"1279",98.3602431522035,"B"
"1280",98.9443461761826,"B"
"1281",92.735213686515,"B"
"1282",97.9249550718501,"B"
"1283",98.9685153654423,"B"
"1284",65.2939633915088,"B"
"1285",79.5275245417852,"B"
"1286",98.9126963507206,"B"
"1287",96.0207433770325,"B"
"1288",81.9869600768885,"B"
"1289",70.1269273593547,"B"
"1290",94.6844617012986,"B"
"1291",109.802436485414,"B"
"1292",126.598579478913,"B"
"1293",99.4231480943599,"B"
"1294",122.397772609416,"B"
"1295",101.24533236454,"B"
"1296",101.732981563893,"B"
"1297",104.872379700231,"B"
"1298",86.9413413210862,"B"
"1299",99.2242268065768,"B"
"1300",113.626715481884,"B"
"1301",88.7541131972172,"B"
"1302",95.1759089516806,"B"
"1303",82.7834387431112,"B"
"1304",105.31528294674,"B"
"1305",106.371996735835,"B"
"1306",109.725210268361,"B"
"1307",81.7028495272465,"B"
"1308",101.608525521321,"B"
"1309",85.8391346252523,"B"
"1310",99.9942302692596,"B"
"1311",120.139358800091,"B"
"1312",92.4471206959859,"B"
"1313",110.750249814082,"B"
"1314",88.7549712387446,"B"
"1315",92.8220768432454,"B"
"1316",106.580826258799,"B"
"1317",89.813315943132,"B"
"1318",74.4555274728185,"B"
"1319",118.9775265282,"B"
"1320",105.405358568198,"B"
"1321",91.2454083915987,"B"
"1322",70.088818190041,"B"
"1323",128.53314657099,"B"
"1324",150.855562319073,"B"
"1325",103.112206110332,"B"
"1326",112.747099712668,"B"
"1327",118.368404681112,"B"
"1328",89.4729334969209,"B"
"1329",94.7320565566519,"B"
"1330",74.0931844503221,"B"
"1331",88.9513265159219,"B"
"1332",109.336146743292,"B"
"1333",95.6392601613869,"B"
"1334",96.7868269872538,"B"
"1335",98.3116067274623,"B"
"1336",72.0449952625659,"B"
"1337",112.564449013475,"B"
"1338",78.3476066659687,"B"
"1339",96.8714475637653,"B"
"1340",93.4215480691175,"B"
"1341",96.721092747157,"B"
"1342",121.899489171037,"B"
"1343",91.2691012312695,"B"
"1344",88.2535360643216,"B"
"1345",77.2051900758423,"B"
"1346",87.9145287758313,"B"
"1347",82.5072293894839,"B"
"1348",106.119192943724,"B"
"1349",87.0549363098819,"B"
"1350",104.560630525422,"B"
"1351",97.8035876822812,"B"
"1352",78.4965673013379,"B"
"1353",88.1408832141595,"B"
"1354",113.276686825865,"B"
"1355",113.546141289319,"B"
"1356",130.083599114509,"B"
"1357",99.9462953740033,"B"
"1358",77.5625977902679,"B"
"1359",88.4737445947726,"B"
"1360",106.127327572602,"B"
"1361",128.502045023421,"B"
"1362",101.650136851596,"B"
"1363",117.105802376927,"B"
"1364",111.521219570384,"B"
"1365",82.47862566824,"B"
"1366",97.4333102160271,"B"
"1367",119.578923045215,"B"
"1368",113.141441643939,"B"
"1369",106.956942123517,"B"
"1370",107.156713680653,"B"
"1371",92.628920496859,"B"
"1372",80.209220299837,"B"
"1373",119.43138686247,"B"
"1374",78.6967076249961,"B"
"1375",85.9165612044126,"B"
"1376",109.434474887798,"B"
"1377",81.067081759156,"B"
"1378",91.7219438009081,"B"
"1379",82.2580073982628,"B"
"1380",109.309953365934,"B"
"1381",106.694695249571,"B"
"1382",106.328270399105,"B"
"1383",106.636971582185,"B"
"1384",108.358686195684,"B"
"1385",109.590347379558,"B"
"1386",70.4700766498867,"B"
"1387",97.767754579602,"B"
"1388",101.686957188279,"B"
"1389",110.870143039716,"B"
"1390",82.1877088599207,"B"
"1391",92.5059971527613,"B"
"1392",83.8953551387326,"B"
"1393",115.858603190645,"B"
"1394",119.18608874814,"B"
"1395",111.815150880388,"B"
"1396",81.6639492613451,"B"
"1397",106.77928175105,"B"
"1398",117.256737795714,"B"
"1399",102.519114711047,"B"
"1400",91.5083600065605,"B"
"1401",83.7082263908298,"B"
"1402",90.0204580665977,"B"
"1403",110.72272533924,"B"
"1404",93.5250834942711,"B"
"1405",103.414224099101,"B"
"1406",119.424186935055,"B"
"1407",108.675024107042,"B"
"1408",120.470091722103,"B"
"1409",74.4763029600939,"B"
"1410",95.7898558042931,"B"
"1411",100.976020292383,"B"
"1412",108.678839374128,"B"
"1413",82.4619006770654,"B"
"1414",112.092772831709,"B"
"1415",104.610851142435,"B"
"1416",103.957090204071,"B"
"1417",107.627271874076,"B"
"1418",98.2546234018451,"B"
"1419",113.883191477487,"B"
"1420",109.723446605972,"B"
"1421",97.7468593874845,"B"
"1422",115.60565529011,"B"
"1423",104.388380274193,"B"
"1424",110.031270991592,"B"
"1425",91.0873353756367,"B"
"1426",123.706477554789,"B"
"1427",99.9401658347502,"B"
"1428",112.717641533402,"B"
"1429",98.4982521116096,"B"
"1430",95.805551395291,"B"
"1431",111.7665736792,"B"
"1432",76.2307503311324,"B"
"1433",107.17549221691,"B"
"1434",105.903495594922,"B"
"1435",59.5700594631323,"B"
"1436",105.525659927999,"B"
"1437",67.4737337897949,"B"
"1438",109.897065653391,"B"
"1439",93.1912939992822,"B"
"1440",89.5759476214766,"B"
"1441",99.89730545241,"B"
"1442",120.59578067476,"B"
"1443",90.4701538417316,"B"
"1444",108.371549409232,"B"
"1445",105.117368026328,"B"
"1446",82.3072205628766,"B"
"1447",73.8846697399904,"B"
"1448",70.1112134314128,"B"
"1449",108.269113172018,"B"
"1450",99.4788690770305,"B"
"1451",127.758575554159,"B"
"1452",108.605126623946,"B"
"1453",112.745438366239,"B"
"1454",120.015753780024,"B"
"1455",92.4892135305254,"B"
"1456",107.651468923427,"B"
"1457",113.031899053662,"B"
"1458",120.540275320045,"B"
"1459",111.439767194896,"B"
"1460",106.31720759556,"B"
"1461",86.9766392909316,"B"
"1462",110.943405414365,"B"
"1463",107.503988086274,"B"
"1464",109.513753805604,"B"
"1465",106.354675683584,"B"
"1466",96.9724293293499,"B"
"1467",98.8470115234898,"B"
"1468",110.310461699223,"B"
"1469",102.574472603868,"B"
"1470",87.5483713850952,"B"
"1471",95.647613202915,"B"
"1472",80.2131141373524,"B"
"1473",85.4945214599663,"B"
"1474",97.8308339479672,"B"
"1475",73.0280116543761,"B"
"1476",74.6718628811263,"B"
"1477",116.538477991541,"B"
"1478",91.3507161368284,"B"
"1479",72.2246240567277,"B"
"1480",98.3070514085654,"B"
"1481",119.816039008323,"B"
"1482",109.93381445402,"B"
"1483",106.620747975305,"B"
"1484",117.756188684198,"B"
"1485",88.4274783834866,"B"
"1486",110.945337870281,"B"
"1487",91.1937157633171,"B"
"1488",100.011462795438,"B"
"1489",133.216979790102,"B"
"1490",114.541515935639,"B"
"1491",111.520115705758,"B"
"1492",83.3750813227276,"B"
"1493",88.2064612000793,"B"
"1494",134.261747203924,"B"
"1495",83.6004885404003,"B"
"1496",103.217190629276,"B"
"1497",113.388565894556,"B"
"1498",115.281369585134,"B"
"1499",116.336680163789,"B"
"1500",97.5530651517218,"B"
"1501",87.6851995432,"B"
"1502",95.3911415051704,"B"
"1503",86.468529871908,"B"
"1504",109.406031146725,"B"
"1505",116.805325426392,"B"
"1506",131.908203287403,"B"
"1507",105.491715743976,"B"
"1508",86.8782793420947,"B"
"1509",115.367122944898,"B"
"1510",113.57138340543,"B"
"1511",96.4262695614576,"B"
"1512",76.6321764419153,"B"
"1513",111.419648430909,"B"
"1514",116.937165934624,"B"
"1515",95.573382539411,"B"
"1516",108.04364227537,"B"
"1517",95.8616428787423,"B"
"1518",110.234728677063,"B"
"1519",98.2406392792773,"B"
"1520",94.8298620411991,"B"
"1521",101.674307472958,"B"
"1522",95.7489202752656,"B"
"1523",91.1347425331857,"B"
"1524",95.260946031364,"B"
"1525",99.877717715117,"B"
"1526",103.112427110777,"B"
"1527",122.986354324388,"B"
"1528",79.6300325356977,"B"
"1529",97.0057142417059,"B"
"1530",109.472846916712,"B"
"1531",126.430313551643,"B"
"1532",106.390215439232,"B"
"1533",99.793698752869,"B"
"1534",95.3866463560546,"B"
"1535",106.214622461624,"B"
"1536",114.835868802946,"B"
"1537",97.2421253418092,"B"
"1538",102.456421102698,"B"
"1539",103.254045162166,"B"
"1540",110.939164513145,"B"
"1541",116.67070610537,"B"
"1542",104.187412254094,"B"
"1543",98.8574399267923,"B"
"1544",120.919946983129,"B"
"1545",102.468011764084,"B"
"1546",123.667779681902,"B"
"1547",99.0711601357067,"B"
"1548",109.208844462905,"B"
"1549",76.8086710863214,"B"
"1550",98.3141205799389,"B"
"1551",99.6730819005867,"B"
"1552",88.6248187387518,"B"
"1553",84.4616067336655,"B"
"1554",114.222389538277,"B"
"1555",113.712381008916,"B"
"1556",80.5190200773031,"B"
"1557",106.365681924015,"B"
"1558",83.3118202006737,"B"
"1559",84.2339016072766,"B"
"1560",107.881186723995,"B"
"1561",89.7096399986042,"B"
"1562",114.902199731833,"B"
"1563",100.57785398613,"B"
"1564",108.042234636786,"B"
"1565",92.1455995317076,"B"
"1566",82.7316799758461,"B"
"1567",113.721283615041,"B"
"1568",103.571072373441,"B"
"1569",96.4139836081794,"B"
"1570",101.038529898186,"B"
"1571",119.888625138989,"B"
"1572",89.5275004806989,"B"
"1573",88.7588733330523,"B"
"1574",90.7057742093897,"B"
"1575",76.225130976852,"B"
"1576",112.294422062556,"B"
"1577",102.885544701164,"B"
"1578",103.107579613269,"B"
"1579",99.3497896847847,"B"
"1580",92.3475933786384,"B"
"1581",87.6487207933566,"B"
"1582",112.77784604939,"B"
"1583",78.6072299061977,"B"
"1584",106.604484129481,"B"
"1585",88.1108252386347,"B"
"1586",104.234653218182,"B"
"1587",88.8896421671477,"B"
"1588",92.1498747597395,"B"
"1589",126.540488755405,"B"
"1590",110.024239284003,"B"
"1591",67.8265446358651,"B"
"1592",101.896186241505,"B"
"1593",93.2228059561416,"B"
"1594",82.950607183335,"B"
"1595",103.146788356468,"B"
"1596",101.94948274029,"B"
"1597",95.0724014114788,"B"
"1598",129.590553510062,"B"
"1599",66.2696489977516,"B"
"1600",112.573290809177,"B"
"1601",95.6646509430614,"B"
"1602",109.847701158691,"B"
"1603",93.1900344904198,"B"
"1604",91.0920315633235,"B"
"1605",74.3443050040806,"B"
"1606",96.8582735759089,"B"
"1607",137.181187020356,"B"
"1608",114.845533121941,"B"
"1609",125.133582337402,"B"
"1610",113.724479774711,"B"
"1611",117.163940619428,"B"
"1612",113.543146217487,"B"
"1613",107.130886476477,"B"
"1614",91.2620683900449,"B"
"1615",92.0059789401479,"B"
"1616",75.9874000543707,"B"
"1617",99.9127342918001,"B"
"1618",113.490335137851,"B"
"1619",115.478838347891,"B"
"1620",101.426990566831,"B"
"1621",91.7855857416713,"B"
"1622",149.357761649778,"B"
"1623",111.050282968756,"B"
"1624",121.308629573187,"B"
"1625",94.9347903899901,"B"
"1626",99.4306355941811,"B"
"1627",106.729106465601,"B"
"1628",125.147834679224,"B"
"1629",95.3278818181581,"B"
"1630",112.804235001746,"B"
"1631",68.5777804851966,"B"
"1632",92.3911834887755,"B"
"1633",80.6198638485503,"B"
"1634",116.700440760356,"B"
"1635",97.5332036757961,"B"
"1636",94.1443887698989,"B"
"1637",120.536497692979,"B"
"1638",116.7440928736,"B"
"1639",86.5296819479875,"B"
"1640",106.417997314145,"B"
"1641",81.5733314723163,"B"
"1642",92.8657746368323,"B"
"1643",124.248664557204,"B"
"1644",121.751919269957,"B"
"1645",116.635281332003,"B"
"1646",91.4364417050451,"B"
"1647",71.7785279458667,"B"
"1648",82.3645272396376,"B"
"1649",114.288347869413,"B"
"1650",95.6414817075237,"B"
"1651",67.5608778164803,"B"
"1652",97.2971876842531,"B"
"1653",121.153588316869,"B"
"1654",109.652029607793,"B"
"1655",87.6811218470587,"B"
"1656",76.8112502190246,"B"
"1657",87.6017916154482,"B"
"1658",100.517915069823,"B"
"1659",113.321105513681,"B"
"1660",70.9008976781462,"B"
"1661",115.348026329112,"B"
"1662",100.08186589882,"B"
"1663",108.546684544087,"B"
"1664",75.2011665514769,"B"
"1665",90.0001842981673,"B"
"1666",93.2764871610171,"B"
"1667",115.658370224635,"B"
"1668",115.422610710931,"B"
"1669",106.526356888725,"B"
"1670",124.063182724358,"B"
"1671",92.2688320038195,"B"
"1672",115.188057906609,"B"
"1673",99.4608995531392,"B"
"1674",89.9898685573539,"B"
"1675",113.850700574963,"B"
"1676",120.716504962742,"B"
"1677",113.173756242773,"B"
"1678",92.358948168666,"B"
"1679",92.9531854876735,"B"
"1680",120.66513770209,"B"
"1681",105.292396096266,"B"
"1682",112.443609689817,"B"
"1683",94.9194702450354,"B"
"1684",118.91552404697,"B"
"1685",87.8686728255671,"B"
"1686",109.380272812999,"B"
"1687",87.7423755164783,"B"
"1688",63.0613747512135,"B"
"1689",79.8556373398049,"B"
"1690",102.044427988152,"B"
"1691",113.243841244387,"B"
"1692",73.7304687535778,"B"
"1693",81.2286329662071,"B"
"1694",126.468189948632,"B"
"1695",93.491509752651,"B"
"1696",107.585501978959,"B"
"1697",92.0959701793402,"B"
"1698",95.5212567227274,"B"
"1699",101.308663099079,"B"
"1700",100.164427641985,"B"
"1701",97.111596834369,"B"
"1702",92.9530527228439,"B"
"1703",54.2820866530191,"B"
"1704",128.029832505006,"B"
"1705",126.856363123646,"B"
"1706",83.4837738742115,"B"
"1707",97.4783871683505,"B"
"1708",120.629129570687,"B"
"1709",114.974350345783,"B"
"1710",119.149024281187,"B"
"1711",83.923796227603,"B"
"1712",138.65902144297,"B"
"1713",82.9981006034451,"B"
"1714",111.308745128249,"B"
"1715",102.119139706685,"B"
"1716",93.9443452305695,"B"
"1717",94.3087630272847,"B"
"1718",85.129047812035,"B"
"1719",124.339896936352,"B"
"1720",101.342698416441,"B"
"1721",103.888269238216,"B"
"1722",103.144492495916,"B"
"1723",94.372438704087,"B"
"1724",82.9896813286743,"B"
"1725",103.805894645259,"B"
"1726",68.5954082506161,"B"
"1727",78.7214958574658,"B"
"1728",83.8540495759243,"B"
"1729",83.8198170599147,"B"
"1730",101.607832248506,"B"
"1731",123.977313224871,"B"
"1732",77.2701378390255,"B"
"1733",106.505140308949,"B"
"1734",113.493171299816,"B"
"1735",85.1570169656669,"B"
"1736",99.2080089771628,"B"
"1737",112.354163539331,"B"
"1738",96.1673634617892,"B"
"1739",96.6897347912318,"B"
"1740",104.615901868159,"B"
"1741",99.0998012000009,"B"
"1742",91.6652066509117,"B"
"1743",97.9207747080866,"B"
"1744",128.242596885797,"B"
"1745",113.10503019409,"B"
"1746",86.2810439075857,"B"
"1747",81.3262356650302,"B"
"1748",94.6002663897609,"B"
"1749",119.93162051422,"B"
"1750",104.390186776254,"B"
"1751",89.4774214473901,"B"
"1752",113.23351851727,"B"
"1753",97.9994441691566,"B"
"1754",83.1898225106287,"B"
"1755",106.917886813177,"B"
"1756",122.862142152682,"B"
"1757",106.517024471992,"B"
"1758",102.880005567084,"B"
"1759",90.1563530737441,"B"
"1760",108.525977963043,"B"
"1761",83.9414419766442,"B"
"1762",75.2027646327866,"B"
"1763",99.3497084725937,"B"
"1764",99.4810974130144,"B"
"1765",135.475832980042,"B"
"1766",81.7547903816215,"B"
"1767",102.563594850236,"B"
"1768",112.075796404333,"B"
"1769",115.758892661738,"B"
"1770",99.8391327301102,"B"
"1771",88.8511578785612,"B"
"1772",99.0132392219502,"B"
"1773",129.096339879057,"B"
"1774",107.241085122638,"B"
"1775",69.3328439116289,"B"
"1776",121.351886929754,"B"
"1777",108.107539913726,"B"
"1778",99.4964234224371,"B"
"1779",99.7320456833485,"B"
"1780",97.7531542030989,"B"
"1781",103.848392214329,"B"
"1782",92.4419960044447,"B"
"1783",104.1551687749,"B"
"1784",86.0296596276889,"B"
"1785",103.002203129121,"B"
"1786",116.602561309997,"B"
"1787",107.638091704807,"B"
"1788",115.506245146767,"B"
"1789",83.6369685729607,"B"
"1790",100.821891767089,"B"
"1791",109.258754540831,"B"
"1792",83.9799269840007,"B"
"1793",123.487215055877,"B"
"1794",84.4778798352211,"B"
"1795",102.467780627588,"B"
"1796",102.277484955326,"B"
"1797",101.825054529503,"B"
"1798",96.843631245348,"B"
"1799",106.749051807193,"B"
"1800",84.5325326215381,"B"
"1801",80.6595371766517,"B"
"1802",90.1814704283013,"B"
"1803",99.1401384422833,"B"
"1804",118.851217305356,"B"
"1805",123.811812097968,"B"
"1806",104.792221938171,"B"
"1807",105.723874340397,"B"
"1808",96.3453267454083,"B"
"1809",100.720796260796,"B"
"1810",78.9318120834731,"B"
"1811",104.349005933436,"B"
"1812",91.9666962655938,"B"
"1813",105.020181596508,"B"
"1814",94.8102799126825,"B"
"1815",90.0757639774533,"B"
"1816",96.7133293479693,"B"
"1817",94.4964263404944,"B"
"1818",116.418673117636,"B"
"1819",103.138121236557,"B"
"1820",106.487371392298,"B"
"1821",81.3871962129884,"B"
"1822",122.45232564442,"B"
"1823",102.390556617411,"B"
"1824",87.1557789489512,"B"
"1825",104.635699681702,"B"
"1826",113.056510447673,"B"
"1827",79.2448429254766,"B"
"1828",125.351604550458,"B"
"1829",97.6295394223246,"B"
"1830",116.81756170973,"B"
"1831",101.083919786334,"B"
"1832",95.0136573314991,"B"
"1833",72.476199300597,"B"
"1834",83.4974167211921,"B"
"1835",99.3798955012385,"B"
"1836",112.417788176757,"B"
"1837",71.7748201876814,"B"
"1838",120.631616684864,"B"
"1839",120.984856964545,"B"
"1840",82.8502561613359,"B"
"1841",107.084508432897,"B"
"1842",84.4954117996868,"B"
"1843",98.1220003196757,"B"
"1844",113.9299410827,"B"
"1845",113.025094715482,"B"
"1846",87.2623809454978,"B"
"1847",94.2004531828665,"B"
"1848",85.3575464350425,"B"
"1849",105.093154898574,"B"
"1850",76.6138725334934,"B"
"1851",60.5601183767296,"B"
"1852",122.047184228093,"B"
"1853",134.102093694921,"B"
"1854",93.1744968964176,"B"
"1855",111.416537306423,"B"
"1856",99.8874582443542,"B"
"1857",122.11470699574,"B"
"1858",108.312158988541,"B"
"1859",103.054959476742,"B"
"1860",73.0129532235119,"B"
"1861",116.244335211966,"B"
"1862",94.7371957742972,"B"
"1863",78.9476487292746,"B"
"1864",96.9730500263,"B"
"1865",98.0983276031155,"B"
"1866",115.888103089992,"B"
"1867",82.4890595160401,"B"
"1868",91.6353455902233,"B"
"1869",122.321798925747,"B"
"1870",120.37998653155,"B"
"1871",117.448218158535,"B"
"1872",124.922859180218,"B"
"1873",103.060464697448,"B"
"1874",91.2717446969534,"B"
"1875",108.328060927951,"B"
"1876",115.880846887389,"B"
"1877",136.204499072066,"B"
"1878",70.5252650093322,"B"
"1879",104.098535546002,"B"
"1880",109.821918743045,"B"
"1881",99.1810201695942,"B"
"1882",76.6326662727233,"B"
"1883",111.122513381294,"B"
"1884",88.3137138810412,"B"
"1885",107.587922482458,"B"
"1886",113.613275590268,"B"
"1887",119.259355157119,"B"
"1888",76.6320430392165,"B"
"1889",116.226127722687,"B"
"1890",88.6452796458097,"B"
"1891",80.6647078922656,"B"
"1892",119.714809988792,"B"
"1893",117.193899598975,"B"
"1894",96.3612509844249,"B"
"1895",111.393110593575,"B"
"1896",87.0951138786541,"B"
"1897",97.7345263142194,"B"
"1898",98.5941514935869,"B"
"1899",95.7888991824399,"B"
"1900",111.011481047459,"B"
"1901",123.059913032439,"B"
"1902",93.1634340583165,"B"
"1903",99.5101232146641,"B"
"1904",124.551360237482,"B"
"1905",95.0643704421019,"B"
"1906",60.9394274408934,"B"
"1907",107.709756796719,"B"
"1908",86.7029798333311,"B"
"1909",85.0219239099411,"B"
"1910",121.312252203773,"B"
"1911",136.719970105228,"B"
"1912",84.4032618789469,"B"
"1913",115.465377725001,"B"
"1914",98.5877824244555,"B"
"1915",102.127111888307,"B"
"1916",118.333550521846,"B"
"1917",103.205117776616,"B"
"1918",87.2295196920886,"B"
"1919",92.9438668788571,"B"
"1920",110.292028829483,"B"
"1921",64.9607900221015,"B"
"1922",116.428665727727,"B"
"1923",76.4927485175164,"B"
"1924",100.328965942276,"B"
"1925",97.1446153361206,"B"
"1926",119.396042290365,"B"
"1927",102.832739725849,"B"
"1928",101.529087023578,"B"
"1929",110.472037132879,"B"
"1930",87.5947816571435,"B"
"1931",97.0615171590044,"B"
"1932",117.663766207117,"B"
"1933",110.252104314698,"B"
"1934",80.8675493987121,"B"
"1935",109.569345511163,"B"
"1936",79.3361556309442,"B"
"1937",91.0253379442049,"B"
"1938",118.163805757855,"B"
"1939",66.2343223683122,"B"
"1940",73.3147871367876,"B"
"1941",119.520590092396,"B"
"1942",87.7781082392102,"B"
"1943",118.655605278684,"B"
"1944",97.4762469886584,"B"
"1945",106.416635175444,"B"
"1946",112.199183344439,"B"
"1947",90.2318219595993,"B"
"1948",95.4311361528009,"B"
"1949",93.7735424553155,"B"
"1950",142.241264140336,"B"
"1951",101.892206036464,"B"
"1952",107.092006346666,"B"
"1953",94.8886968858858,"B"
"1954",96.3731403601809,"B"
"1955",120.68132003286,"B"
"1956",94.9167449569391,"B"
"1957",100.302044541411,"B"
"1958",105.654432462116,"B"
"1959",93.5241438244318,"B"
"1960",129.385962342655,"B"
"1961",78.5731058166824,"B"
"1962",130.169394697684,"B"
"1963",94.7261216668123,"B"
"1964",120.356794702742,"B"
"1965",70.0123388348879,"B"
"1966",114.341209321427,"B"
"1967",113.146468974653,"B"
"1968",80.9317454265987,"B"
"1969",88.4751418226556,"B"
"1970",102.902872682053,"B"
"1971",117.157531431955,"B"
"1972",88.5100104395699,"B"
"1973",96.6381100142005,"B"
"1974",123.57020402466,"B"
"1975",83.0897913872276,"B"
"1976",114.216909710753,"B"
"1977",106.731522838523,"B"
"1978",83.4127820716551,"B"
"1979",89.9819823673933,"B"
"1980",111.749162654533,"B"
"1981",103.734391490682,"B"
"1982",121.376474162012,"B"
"1983",90.9732405686262,"B"
"1984",74.2826845543078,"B"
"1985",115.717403897174,"B"
"1986",90.8706757234881,"B"
"1987",101.805107902338,"B"
"1988",125.785627207777,"B"
"1989",96.2437892153321,"B"
"1990",123.243329910955,"B"
"1991",83.5429052510133,"B"
"1992",113.882668541744,"B"
"1993",103.701988178065,"B"
"1994",88.9484269097282,"B"
"1995",80.7998659166552,"B"
"1996",101.149654953918,"B"
"1997",103.827471436811,"B"
"1998",104.16170225552,"B"
"1999",108.052840333473,"B"
"2000",93.0927165103493,"B"
